"person_emp_length","defaults","total_loans","default_rate"
1,806,2915,27.65009
2,987,3848,25.64969
3,696,3456,20.13889
4,610,2872,21.23955
5,548,2946,18.60149
6,1929,7666,25.16306
7,412,2195,18.76993
8,281,1687,16.65679
9,244,1367,17.84931
10,119,696,17.09770
11,136,740,18.37838
12,90,574,15.67944
13,51,426,11.97183
14,56,335,16.71642
15,43,238,18.06723
